person income,loan amnt,loan int rate,person emp length,cb person cred hist length,person age
0.0,0.0,0.0,0.0,0.18492617051272547,0.1849261705127253
0.023446736415127,0.007221562662313552,0.0,0.02344673641512701,0.27693106774504717,0.03880623778783608
0.0,0.0,0.0,0.0,0.18492617051272547,0.1849261705127253
0.0023274220276520326,0.002327422027652033,0.0,0.003491133041478023,0.1814350374712473,0.18725359254037743
0.0,0.0,0.0,0.0,0.18492617051272547,0.1849261705127253
0.02277522198313171,0.016956666914001585,0.0,0.021312235660755408,0.24839726942197835,0.10303541836709457
0.00814597709678212,0.0023274220276520152,0.0,0.014762187430437073,0.20550691301229257,0.13910984145828703
0.0,0.0,0.0,0.0,0.18492617051272547,0.1849261705127253
0.006217382701392489,0.0,0.0,0.00621738270139249,0.19114355321411794,0.166274022408548
0.0,0.0,0.0,0.0,0.18492617051272547,0.1849261705127253
0.0,0.0,0.0,0.0,0.18492617051272547,0.1849261705127253
0.03713301674457714,0.01260233484207662,0.004978234523014479,0.0032240112784744923,0.08675459424698871,0.23160817194726832
0.020609804358042116,0.0027553115183893513,0.0,0.002084415423808439,0.21797074027355254,0.12643206945165836
0.014124063218817201,0.002486953080556964,0.0,0.008704335781949504,0.21148499913432772,0.13305198980979938
0.0023274220276520326,0.002327422027652033,0.0,0.003491133041478023,0.1814350374712473,0.18725359254037743
0.025933689495683997,0.003491133041478023,0.0,0.025933689495684004,0.27320063812421175,0.041293190868393025
0.0023274220276520326,0.002327422027652033,0.0,0.003491133041478023,0.1814350374712473,0.18725359254037743
0.0,0.0,0.0,0.0,0.3544928396527419,0.015359501372708861
0.03034923697163068,0.002486953080556964,0.0,0.02492950953476292,0.09059385125275156,0.22149279018574866
0.0,0.0,0.0,0.0,0.18492617051272547,0.1849261705127253
0.025236823229699962,0.010844401573050291,0.0013776557591946847,0.019817095792832258,0.2685179688852614,0.04681370730380157
0.0011637110138260185,0.0011637110138260185,0.0011637110138260076,0.0011637110138260406,0.18376245949889938,0.18608988152655148
0.015501718978011907,0.0038646088397516773,0.002755311518389425,0.01008199154114421,0.21286265489352235,0.13029667829141006
0.034561969775667216,0.012142291805792585,0.008009324528208503,0.00019292127328041087,0.08978568425218274,0.22554599193688016
0.0,0.0,0.0,0.0,0.3544928396527419,0.015359501372708861
0.05117051272538396,0.014335534614528444,0.0013776557591946847,0.04575078528851624,0.18722576735673124,0.07274739679948557
0.009309688110608179,0.0011637110138260054,0.0011637110138260631,0.013598476416611069,0.20667062402611852,0.13794613044446097
0.03662783507704485,0.00668175409957703,0.0018673789913679628,0.037824317973831977,0.11304197274368677,0.1738090821399422
0.006217382701392489,0.0,0.0,0.00621738270139249,0.19114355321411794,0.166274022408548
0.018334322673196287,0.015579011154806924,0.0013776557591947403,0.01833432267319629,0.28528851623754065,0.033693824045905374
0.0,0.0,0.0,0.0,0.18492617051272547,0.1849261705127253
0.044698375009275024,0.0012434765402784542,0.010580371497118515,0.013678241943063538,0.09116643169844921,0.20848544433726604
0.02958682693972446,0.011732334100071693,0.0023571022235412964,0.021411787984467325,0.10890344042937349,0.19586084934827253
0.03034923697163068,0.002486953080556964,0.0,0.02492950953476292,0.09059385125275156,0.22149279018574866
0.045272192129801325,0.001029531794909777,0.007519601296035202,0.026929831070218388,0.08653632113971954,0.2176040661868369
0.006217382701392489,0.0,0.0,0.00621738270139249,0.19114355321411794,0.166274022408548
0.02523682322969997,0.010844401573050307,0.0013776557591946847,0.019817095792832272,0.09895129974524498,0.21638037644381797
0.0,0.0,0.0,0.0,0.18492617051272547,0.1849261705127253
0.02731381860453611,0.0011637110138258966,0.004898468996562076,0.0074367440825109455,0.22700217654769858,0.116910909945339
0.0,0.0,0.0,0.0,0.3544928396527419,0.015359501372708861
0.0,0.0,0.0,0.0,0.18492617051272547,0.1849261705127253
0.02523682322969997,0.010844401573050307,0.0013776557591946847,0.019817095792832272,0.09895129974524498,0.21638037644381797
0.006217382701392489,0.0,0.0,0.00621738270139249,0.19114355321411794,0.166274022408548
0.02523682322969997,0.010844401573050307,0.0013776557591946847,0.019817095792832272,0.09895129974524498,0.21638037644381797
0.0365666196730231,0.002486953080556964,0.0,0.0311468922361554,0.0968112339541441,0.2028406420815712
0.0,0.0,0.0,0.0,0.18492617051272547,0.1849261705127253
0.04091662338304764,0.004354332071925002,0.0018673789913679628,0.02102532710049222,0.060010882738492755,0.28372845094110966
0.006217382701392489,0.0,0.0,0.00621738270139249,0.19114355321411794,0.166274022408548
0.04859699240681658,0.012040266132423144,0.004194801019020089,0.010726917464321901,0.08199339615641464,0.2206895698844946
0.006217382701392489,0.0,0.0,0.00621738270139249,0.19114355321411794,0.166274022408548
0.029235611288367817,0.01717061165937027,0.011488709158813781,0.023387994360762738,0.2584069154856423,0.05313991739012142
0.0316681506764611,0.00925280106848706,0.0011637110138260631,0.028575845267245457,0.10124965991442209,0.20026959511266115
0.0,0.0,0.0,0.0,0.18492617051272547,0.1849261705127253
0.0,0.0,0.0,0.0,0.18492617051272547,0.1849261705127253
0.010872226756696562,0.00465484405530409,0.0,0.000764883381563608,0.18997984220029185,0.1651103113947219
0.0023274220276520326,0.002327422027652033,0.0,0.003491133041478023,0.1814350374712473,0.18725359254037743
0.0,0.0,0.0,0.0,0.3544928396527419,0.015359501372708861
0.03526563775320913,0.014469713833444631,0.006845613514382556,0.005091390269842511,0.08488721525562072,0.23347555093863626
0.06257945635774537,0.015633424847270667,0.011744082510944557,0.012528134352353448,0.12696322129059387,0.16546029037124976
0.02144517820484279,0.012468155623160417,0.004488511290841213,0.021445178204842798,0.2821776607058941,0.03680467957755187
0.012035937770522503,0.0,0.0,0.00039882763226223306,0.19696210828324814,0.16045546733941787
0.03488103188147707,0.02177537038411121,0.002755311518389314,0.014921718483341975,0.08823736736662462,0.21279216442828525
0.010872226756696562,0.00465484405530409,0.0,0.000764883381563608,0.18997984220029185,0.1651103113947219
0.03307548663154508,0.004814375108208979,0.0,0.03347431426380743,0.09332010091266603,0.20516806410922328
0.020609804358042088,0.0027553115183893855,0.004132967277584054,0.006217382701392487,0.21797074027355248,0.12643206945165836
0.0,0.0,0.0,0.0,0.18492617051272547,0.1849261705127253
0.0023274220276520326,0.002327422027652033,0.0,0.003491133041478023,0.1814350374712473,0.18725359254037743
0.04399903539363354,0.010872226756696635,0.01236798496203413,0.04207044099824391,0.19147560040562936,0.06906705250921322
0.030877915460908748,0.009842694961786682,0.004010536469540804,0.015536964210630477,0.061791694491850256,0.2788664638519948
0.0,0.0,0.0,0.0,0.18492617051272547,0.1849261705127253
0.021199079913927447,0.0012434765402785214,0.0012434765402786208,0.02368603299448442,0.20861220350720994,0.16124013751824098
0.020609804358042116,0.0027553115183893513,0.0,0.002084415423808439,0.21797074027355254,0.12643206945165836
0.0,0.0,0.0,0.0,0.18492617051272547,0.1849261705127253
0.028021814943978565,0.0036506640943830184,0.001163711013825952,0.026093220548588918,0.08826642922509956,0.22265650119957475
0.0,0.0,0.0,0.0,0.18492617051272547,0.1849261705127253
0.0,0.0,0.0,0.0,0.18492617051272547,0.1849261705127253
0.0023274220276520326,0.002327422027652033,0.0,0.003491133041478023,0.1814350374712473,0.18725359254037743
0.023123345947416593,0.01730479087828641,0.00792955900175607,0.008704335781949546,0.09270485518537755,0.22008545423066458
0.0,0.0,0.0,0.0,0.18492617051272547,0.1849261705127253
0.02104202221067993,0.008763077836313735,0.0062761247557566735,0.019113427815290223,0.09898097994113424,0.21567670846627598
0.006217382701392489,0.0,0.0,0.00621738270139249,0.19114355321411794,0.166274022408548
0.039512379115035516,0.007062031609408583,0.0012434765402785097,0.011191288862506496,0.06730664589052954,0.24602347208824915
0.0,0.0,0.0,0.0,0.18492617051272547,0.1849261705127253
0.03243303405802478,0.005978086122035098,0.006765847987930067,0.037120649996289966,0.11444930869877076,0.17310541416240013
0.006217382701392489,0.0,0.0,0.00621738270139249,0.19114355321411794,0.166274022408548
0.022909401202047912,0.020169548119017625,0.0030310900051939704,0.029324033538621355,0.3027262496599145,0.0906791818159333
0.028021814943978565,0.0036506640943830184,0.001163711013825952,0.026093220548588918,0.08826642922509956,0.22265650119957475
0.0,0.0,0.0,0.0,0.18492617051272547,0.1849261705127253
0.013014765897454941,0.0013776557591946847,0.0013776557591947194,0.013812421161979655,0.2103757018129653,0.1354047636714403
0.0,0.0,0.0,0.0,0.18492617051272547,0.1849261705127253
0.0,0.0,0.0,0.0,0.18492617051272547,0.1849261705127253
0.018334322673196287,0.015579011154806924,0.0013776557591947403,0.01833432267319629,0.28528851623754065,0.033693824045905374
0.0,0.0,0.0,0.0,0.18492617051272547,0.1849261705127253
0.04278771239890182,0.024262323464668195,0.002755311518389425,0.017408671563899022,0.1085788132868343,0.1795701318295368
0.0,0.0,0.0,0.0,0.18492617051272547,0.1849261705127253
0.002327422027651904,0.022203259874848603,0.0024869530805569904,0.021804432242586186,0.29402067720313646,0.11999888699265415
0.01785449283965268,0.0,0.0,0.006217382701392438,0.2152154287551632,0.13056503672924247
0.0,0.0,0.0,0.0,0.3544928396527419,0.015359501372708861
0.017958373525265293,0.03293574237589974,0.008621478568425323,0.03963419158566444,0.17691560930968814,0.21281813459968857
0.011637110138260187,0.0,0.0,0.04408745764388715,0.31040538200885465,0.0918973065222231
0.005978086122035094,0.008385273676139613,0.0011637110138260631,0.018412851524820036,0.19479421730850094,0.1602161707600604
0.0,0.0,0.0,0.0,0.3544928396527419,0.015359501372708861
0.0,0.0,0.0,0.0,0.3544928396527419,0.015359501372708861
0.025614627389874054,0.003570898567930509,0.0012434765402785652,0.02974388464297197,0.08585924167099505,0.22630716529395772
0.007761371225050043,0.010491949246865013,0.006062180010388044,0.0038757389132101916,0.1748330488981228,0.1955634290519651
0.0,0.0,0.0,0.0,0.3544928396527419,0.015359501372708861
0.00016200440256225468,0.02804283841606688,0.0013776557591947119,0.00939069031188935,0.11273960574806469,0.2957619153619747
0.009336894956840062,0.01622517375281345,0.006888278795973479,0.0,0.3382676658999284,0.06403502263114935
0.0,0.0,0.0,0.0,0.3544928396527419,0.015359501372708861
0.0017035195765625066,0.021659122950211492,0.0054382775592985355,0.018693576710939644,0.32352402859192214,0.09041577007741582
0.0,0.012434765402785042,0.0,0.012434765402784894,0.027794266775494035,0.34205807424995693
0.0,0.006217382701392549,0.0,0.006217382701392485,0.1911435532141179,0.17870878781133295
0.0058185550691301,0.012035937770522698,0.0,0.01865214810417746,0.1969621082832481,0.16045546733941782
0.009735104251688118,0.009735104251688054,0.0,0.009735104251688118,0.34475773540105376,0.05429991837946132
0.0023274220276520326,0.002327422027652033,0.0,0.003491133041478023,0.1814350374712473,0.18725359254037743
0.0012434765402786208,0.004973906161114066,0.0012434765402785308,0.004973906161113962,0.3495189334916279,0.020333407533823046
0.0,0.0,0.0,0.0,0.18492617051272547,0.1849261705127253
0.023204966486112154,0.03355531646508872,0.0013776557591947403,0.039989735598921654,0.1679385867280057,0.220061957408919
0.0,0.0,0.0,0.0,0.3544928396527419,0.015359501372708861
0.024742771635626114,0.0,0.006888278795973424,0.00621738270139249,0.22210370755113662,0.123676757933269
0.0,0.0,0.0,0.0,0.3544928396527419,0.015359501372708861
0.017200291855259602,0.035054784694912355,0.004132967277584054,0.014921718483341992,0.11675014221760527,0.29456852415225954
0.005112413741930687,0.014085107961712523,0.0013776557591947958,0.026757314931611886,0.3153007593183449,0.10188407410155573
0.0,0.0,0.0,0.0,0.3544928396527419,0.015359501372708861
0.0,0.0,0.0,0.0,0.18492617051272547,0.1849261705127253
0.029668447478420023,0.035487002547550134,0.007929559001755904,0.012434765402784967,0.12632571541638846,0.2883177512304915
0.029051346738888473,0.023232791669758356,0.006062180010388052,0.05154275184882885,0.19904776038188524,0.16548378719299547
0.0,0.0,0.0,0.0,0.18492617051272547,0.1849261705127253
0.0,0.0,0.0,0.0,0.3544928396527419,0.015359501372708861
0.0018673789913680183,0.011602483243056141,0.006000346268951999,0.011602483243056143,0.34289035640968574,0.05803467636219731
0.0024071875541044753,0.0061376171749400535,0.002407187554104462,0.006137617174939971,0.3483552224778018,0.021497118547649047
0.0034911330414780345,0.014762187430437019,0.0023274220276520707,0.012434765402784983,0.18259874848507332,0.18841730355420352
0.009735104251688059,0.022169869654473064,0.0,0.008937448987163366,0.16355395612277704,0.2471408077959982
0.0,0.0,0.0,0.0,0.18492617051272547,0.1849261705127253
0.009735104251688118,0.009735104251688054,0.0,0.009735104251688118,0.34475773540105376,0.05429991837946132
0.05755113650416758,0.005898320595582596,0.010764636046597897,0.007133758749474382,0.1071170636392867,0.18138742549034162
0.035643441913383284,0.016662956642180482,0.0013776557591947958,0.0035919220400187756,0.2464742400633179,0.06885743612574508
0.007357596893472873,0.025853923969231543,0.01652135737429204,0.015906111647003583,0.3263114936558583,0.1091798372535925
0.018092552744181416,0.03012849051470406,0.0027553115183893695,0.017693725111919068,0.3243643491380377,0.11415807177660703
0.04062167643639785,0.020905369642106292,0.005082733546041496,0.008470604239321288,0.2971803813905173,0.1477523434988004
0.0018673789913680738,0.008084761692760529,0.003734757982736018,0.004350003710024477,0.194878311196854,0.17684140881996488
0.009628750216418099,0.00862457025549702,0.0011637110138261186,0.0014827731196359252,0.18019156093096883,0.18833753802775105
0.0,0.0,0.0,0.0,0.3544928396527419,0.015359501372708861
0.0,0.0,0.0,0.0,0.3544928396527419,0.015359501372708861
0.0,0.0,0.0,0.0,0.18492617051272547,0.1849261705127253
0.004973906161113972,0.007460859241670967,0.0,0.004973906161113928,0.18368269397244696,0.18368269397244688
0.0,0.0,0.0,0.0,0.3544928396527419,0.015359501372708861
0.0019514728797210834,0.030854418639163037,0.005296678291410041,0.03394672404837875,0.3120013108753186,0.12990032400880508
0.010224827483861373,0.016442210185253908,0.004622690509757362,0.0015946921916351053,0.1809187257302565,0.21862865128243184
0.01720029185525956,0.014579159555786382,0.0027553115183893695,0.009947812322227965,0.038777175929361106,0.3212615319927779
0.019791743958843425,0.017036432440454056,0.004132967277583999,0.01847715861591349,0.05483849026736911,0.3007958002522817
0.0306893225495288,0.015499245628354422,0.0013776557591946847,0.019615517795750773,0.05951868615666195,0.2851382602458511
0.008131755336251885,0.01746865029309197,0.010580371497118535,0.01119128886250646,0.2123426331280454,0.14507494249462044
0.0026211322994731303,0.0026211322994731307,0.0052422645989463335,0.0026211322994731307,0.3492505750537955,0.01798063367218221
0.00391902253221533,0.01876654052583418,0.0025413667730206924,0.02844599441022981,0.21750513220053924,0.14129009918132132
0.0023274220276519922,0.003491133041478134,0.0,0.01476218743043706,0.19968835794316242,0.15656550666567742
0.034450050703668016,0.012743934109965096,0.006765847987930065,7.11088026513762e-05,0.24675001855012252,0.06907138087111368
0.004973906161113972,0.007460859241670967,0.0,0.004973906161113928,0.18368269397244696,0.18368269397244688
0.0,0.012434765402785042,0.0,0.012434765402784894,0.027794266775494035,0.34205807424995693
0.0024869530805569084,0.009947812322227986,0.0037304296208355158,0.04408745764388713,0.30045756968662674,0.12467351784521771
0.0012434765402786208,0.011191288862506516,0.001243476540278487,0.011191288862506515,0.18616964705300393,0.18368269397244696
0.0,0.0,0.0,0.0,0.18492617051272547,0.1849261705127253
0.0,0.0,0.0,0.0,0.1849261705127254,0.18492617051272545
0.009735104251688118,0.009735104251688054,0.0,0.009735104251688118,0.34475773540105376,0.05429991837946132
0.002083797086394057,0.015770695753258714,0.005602136974104042,0.01865214810417744,0.20256424525735212,0.15672070935668186
0.00973510425168811,0.0097351042516881,0.0,0.009735104251688102,0.17519106626103748,0.22386658751947763
0.0,0.006217382701392604,0.0,0.0062173827013923925,0.3482754569513495,0.021576884074101535
0.012413741930696703,0.01614417155153226,0.00013417921891617501,0.025526823477034888,0.18121676436397816,0.1918008458855829
0.009600925032771912,0.021876159382651934,0.008193589077688024,0.024505330068511754,0.30199908486062693,0.1320292597264475
0.010060968069055973,0.013791397689891469,0.0012434765402784542,0.018200143454280105,0.34070144196285046,0.033559644826989185
0.022043728821943602,0.028261111523336078,0.0,0.006217382701392493,0.3262317281294058,0.0877080705399322
0.021909549603027368,0.02563997922386292,0.0063262100863200055,0.011165937028517686,0.3240384853206699,0.08852365758947345
0.0,0.0,0.0,0.0,0.3544928396527419,0.015359501372708861
0.0,0.0,0.0,0.0,0.18492617051272547,0.1849261705127253
0.0,0.0,0.0,0.0,0.3544928396527419,0.015359501372708861
0.03012416215280358,0.015332912863891563,0.0013776557591947958,0.014934085231629214,0.2902890109074721,0.14133214612549777
0.005112413741930736,0.010930968811060851,0.0013776557591946847,0.026610768964408508,0.21153693947713392,0.14912567089609463
0.0,0.0,0.0,0.0,0.18492617051272547,0.1849261705127253
0.002787465063936042,0.003031090005194026,0.006062180010388057,0.008849645074324126,0.34564319457841763,0.02724023645222719
0.002327422027652014,0.005978086122035076,0.002486953080557075,0.018492617051272513,0.1972014048626055,0.1602959362865129
0.01966436645148526,0.011518389354703076,0.004898468996562044,0.01773577205609555,0.10173629145952356,0.2142990527070813
0.00024362494125812484,0.026393732531968073,0.0030310900051940615,0.016286389156835137,0.28190064554426075,0.12784435210605724
0.0,0.0,0.0,0.0,0.3544928396527419,0.015359501372708861
0.019040464000395725,0.025662239370779882,0.0018673789913680183,0.0250414286067621,0.23844512873784976,0.11112018005985506
0.03183201009126662,0.0035708985679305384,0.0012434765402785097,0.03596126734436447,0.0920766243723875,0.20765501718978016
0.0247699784818579,0.0023274220276519597,0.0,0.013498924092899014,0.04012947985456711,0.3161243847542728
0.031212436002077588,0.04878744033043947,0.002621132299473139,0.050132942544087455,0.11552892582424375,0.22438660928495463
0.006485741139224872,0.0038646088397516817,0.0013776557591947403,0.00857015656303332,0.19762929435334275,0.1624094135687962
0.025774158442779006,0.02453068190250063,0.0,0.022382577725012932,0.05978580791966562,0.2864404788404938
0.0,0.0,0.0,0.0,0.3544928396527419,0.015359501372708861
0.034721500828572095,0.0023274220276520495,0.002755311518389425,0.034449432366253585,0.0880778363137197,0.21303146100764273
0.004622690509757351,0.003245034750562699,0.0004897232321733891,0.0032450347505626363,0.18954886102248278,0.18168113576216266
0.0023274220276519922,0.003491133041478134,0.0,0.01476218743043706,0.19968835794316242,0.15656550666567742
0.007867725260320008,0.00835744849249336,0.003734757982735981,0.00835744849249336,0.19839603274714954,0.17656872202023202
0.007489921100145926,0.03326593455516808,0.0012434765402785652,0.005216912764957578,0.32122690509757373,0.08086183868813535
0.0,0.0,0.0,0.0,0.18492617051272547,0.1849261705127253
0.0,0.0,0.0,0.0,0.3544928396527419,0.015359501372708861
0.004132967277584017,0.016225173752813432,0.0027553115183893695,0.025904627637209063,0.2149637654275185,0.14383146595434199
0.007863396898419486,0.012707452202517898,0.0068456135143825005,0.0027596398802899325,0.028825035245232642,0.34178538745022397
0.008897257055229873,0.002407187554104573,0.01454947935989717,0.008897257055229873,0.33994336029284467,0.024256758427938955
0.012035937770522594,0.003491133041478065,0.0011637110138260065,0.0019285943953897267,0.1911435532141179,0.1639466003808959
0.013468007222180944,0.007515272934134697,0.0037848433132992025,0.0023020701936633525,0.17780972521085311,0.19217679503351398
0.004622690509757351,0.003245034750562699,0.0004897232321733891,0.0032450347505626363,0.18954886102248278,0.18168113576216266
0.002946996116841072,0.025314115406495013,0.00373475798273604,0.03160693527243943,0.05256857361925261,0.3043091934406767
0.004654844055304051,0.004654844055304119,0.0011637110138260631,0.01127105438895894,0.20201577997081455,0.15540179565185136
0.0,0.01622517375281357,0.0,0.01622517375281354,0.3382676658999285,0.06403502263114932
0.010872226756696562,0.00465484405530409,0.0,0.000764883381563608,0.18997984220029185,0.1651103113947219
0.0037304296208354516,0.004973906161113993,0.0012434765402785652,0.0037304296208354524,0.18616964705300393,0.18243921743216848
0.0027553115183892585,0.016225173752813488,0.004132967277584018,0.013469862234424122,0.33826766589992846,0.06265736687195465
0.0,0.01622517375281357,0.0,0.01622517375281354,0.3382676658999285,0.06403502263114932
0.009193440676708476,0.006975464371398194,0.0023571022235412964,0.006576636739135841,0.17834953377358959,0.19350436546214544
0.0037304296208354516,0.004973906161113993,0.0012434765402785652,0.0037304296208354524,0.18616964705300393,0.18243921743216848
0.002486953080557075,0.01995560337364891,0.0,0.03114689223615542,0.046506393608864514,0.30966770547352274
0.0325029061858475,0.0035708985679304694,0.01290779352477055,0.009947812322227958,0.07897096287502166,0.23195196754965264
0.0032747149464518732,0.02088001780811753,0.007929559001756023,0.04342212658603546,0.06438376493284861,0.27827162325938015
0.017170611659370272,0.007435507407682174,0.00930721476095069,0.017170611659370272,0.286238282505998,0.03253011303207935
0.0,0.016225173752813515,0.0,0.027862283891073755,0.32663055576166816,0.08730924290766987
0.0,0.0,0.0,0.0,0.3544928396527419,0.015359501372708861
0.0024869530805570065,0.0037304296208355266,0.0,0.0024869530805570065,0.18741312359328244,0.18119574089188997
0.0,0.0,0.0,0.0,0.18492617051272547,0.1849261705127253
0.0031065271697460206,0.01333135465360735,0.0058661670500358915,0.025280725186119585,0.040640226558828665,0.3200223838143998
0.005818555069130038,0.0162251737528135,0.0,0.02204372882194362,0.3324491108307984,0.06985357770027947
0.0034911330414780194,0.0023274220276520707,0.0,0.002327422027652095,0.3521654176250898,0.018850634414187103
0.0023274220276520707,0.03594148054710498,0.0,0.041760035616235106,0.3127328040365068,0.13249363112463206
0.008385273676139582,0.006137617174940044,0.0024071875541045494,0.00023929657935739534,0.18267851401152585,0.18709406148747257
0.0024869530805570065,0.0037304296208355266,0.0,0.0024869530805570065,0.18741312359328244,0.18119574089188997
0.002486953080556964,0.019955603373648927,0.0,0.01373822067225646,0.17118794984046903,0.22987126215033013
0.0,0.016225173752813515,0.0,0.027862283891073755,0.32663055576166816,0.08730924290766987
0.0,0.016225173752813515,0.0,0.028659939155598398,0.21358610966832395,0.14383146595434196
0.004973906161113962,0.0114639756622394,0.00773354604140386,0.02341334619475157,0.03877284756746064,0.32188976280576787
0.0,0.0,0.0,0.0,0.3544928396527419,0.015359501372708861
0.0018673789913680183,0.011602483243056141,0.006000346268951999,0.011602483243056143,0.34289035640968574,0.05803467636219731
0.0,0.0,0.0,0.0,0.3544928396527419,0.015359501372708861
0.0,0.03245034750562692,0.0,0.04408745764388716,0.31040538200885476,0.1359847641661101
0.009548984689965588,0.007301328188766031,0.0035708985679305367,0.001403007593183514,0.18151480299769976,0.18825777250129852
0.002625460661373663,0.008842843362766195,0.0013776557591946847,0.02327916697583534,0.03863866834854442,0.3207804654844056
0.007141797135861056,0.029424822537162103,0.0024869530805570195,0.016990057134377047,0.11971939848136331,0.2918929781603226
0.003570898567930513,0.004734609581756578,0.0012434765402785652,0.016005663970715518,0.198444881402884,0.15780898320595588
0.0023274220276520152,0.019716306794291517,0.0,0.04342212658603548,0.05878162795874462,0.28503747124731016
0.01230429620835497,0.036314956345378555,0.0013776557591946847,0.059273824540575296,0.09662078603052114,0.2393460463505726
0.0,0.0,0.0,0.0,0.1849261705127254,0.18492617051272545
0.003734757982736048,0.014357794761445464,0.0018673789913679073,0.014357794761445402,0.3401350448912964,0.060300264648413315
0.0,0.0,0.0,0.0,0.3544928396527419,0.015359501372708861
0.0024071875541044644,0.002407187554104462,0.002407187554104568,0.0024071875541045286,0.3520856520986373,0.017766688926813545
0.0,0.016225173752813515,0.0,0.028659939155598398,0.21358610966832395,0.14383146595434196
0.0,0.0,0.0,0.0,0.18492617051272547,0.1849261705127253
0.01187640671761765,0.005978086122035042,0.0,0.006456679280749956,0.20923734263312802,0.14825999851599023
0.0,0.0,0.0,0.0,0.1849261705127254,0.18492617051272545
0.008544804729044538,0.0023274220276519597,0.0,0.0027262496599143606,0.19347097524176998,0.16278288936706992
0.005818555069130049,0.005818555069130205,0.0,0.012434765402785,0.20317949098464058,0.15423808463802535
0.0006195740891888901,0.012087878113328853,0.004622690509757392,0.026524201726398085,0.04188370309910717,0.3175354307338429
0.004973906161114011,0.0012434765402784542,0.0012434765402785097,0.007460859241670988,0.19238702975439642,0.16503054586826943
0.0,0.0,0.0,0.0,0.3544928396527419,0.015359501372708861
0.0024869530805570065,0.0037304296208355266,0.0,0.0024869530805570065,0.18741312359328244,0.18119574089188997
0.008815018179120039,0.038456258811308146,0.0041948010190200336,0.03649489253295739,0.26401956419579053,0.18540414533402585
0.0032450347505627135,0.01298013900225081,0.0032450347505626476,0.03110731864163638,0.32338552101110557,0.0905542776582325
0.0018673789913681293,0.008357448492493447,0.004622690509757354,0.024037248645841083,0.2089634191585666,0.15169919121466202
0.001407335955084077,0.025230021518142094,0.004194801019020037,0.017450100170661155,0.28306435655808687,0.1266806410922312
0.0006239024510895086,0.02907113353614807,0.0072438228092305094,0.00586616705003582,0.32542170611659377,0.07550332665528926
0.031908683930647254,0.022265093616284495,0.001377655759194639,0.00014283594271724542,0.0690398456629814,0.2481592095174495
0.0,0.0,0.0,0.0,0.3544928396527419,0.015359501372708861
0.014387474957334768,0.030556380005441384,0.0013776557591947403,0.020147287972100605,0.3077112858944871,0.08831527788083399
0.01785449283965268,0.0,0.0,0.006217382701392438,0.2152154287551632,0.13056503672924247
0.005818555069129991,0.0,0.0,0.005818555069130205,0.3486742845836118,0.021178056441839198
0.006979792733298697,0.01111276001088278,0.0013776557591946847,0.011112760010882782,0.17381341050184268,0.22662189903786706
0.006114738690608641,0.024178229576315227,0.0053764438178626195,0.01507506616210337,0.27000197867972603,0.13836536321139728
0.0023274220276519922,0.003491133041478134,0.0,0.01476218743043706,0.19968835794316242,0.15656550666567742
0.0036506640943830466,0.0048941406346615455,0.0011637110138260076,0.0013232420667309243,0.18624941257945637,0.182359451905716
0.0,0.0,0.0,0.0,0.3544928396527419,0.015359501372708861
0.023526501941579476,0.0035708985679304846,0.0012434765402785097,0.012255447552620528,0.04137295639484553,0.3148809082139944
0.05306015186366895,0.00581855506913013,0.00413296727758411,0.016861442952190185,0.09910773911107816,0.23286030521134776
0.0,0.016225173752813515,0.0,0.027862283891073755,0.32663055576166816,0.08730924290766987
0.0012434765402784779,0.0012434765402785097,0.0012434765402785603,0.0012434765402784776,0.3532493631124634,0.016602977912987555
0.0029469961168409053,0.03637246172491406,0.01081472137716113,0.013167495238801853,0.3181203779278279,0.0828046548440553
0.005818555069130049,0.005818555069130205,0.0,0.012434765402785,0.20317949098464058,0.15423808463802535
0.0,0.0,0.0,0.0,0.18492617051272547,0.1849261705127253
0.0013776557591947086,0.013469862234424054,0.0013776557591947403,0.02728228339640373,0.21220845390912918,0.14658677747273136
0.014387474957334768,0.030556380005441384,0.0013776557591947403,0.020147287972100605,0.3077112858944871,0.08831527788083399
0.030531028171452586,0.025020405134673847,0.002755311518389315,0.0015204917019119302,0.07179515718137072,0.24678155375825483
0.005602136974104045,0.009735104251688064,0.00413296727758411,0.009735104251688066,0.17519106626103734,0.22386658751947772
0.0037304296208354928,0.0024869530805570195,0.0,0.009947812322228028,0.1948739828349534,0.1637870693279909
0.0004600430362840524,0.011848581533971437,0.004622690509757351,0.03879943607627808,0.054158937448987234,0.2929051965076302
0.005736316193020341,0.024448443026390692,0.006754099577057211,0.006355890282209183,0.33004439662635127,0.07039091291335856
0.010848729934950892,0.03369382404590538,0.003998788058667879,0.027148104177487583,0.1771369741040291,0.21410860478345825
0.0,0.0,0.0,0.0,0.18492617051272547,0.1849261705127253
0.0,0.0,0.0,0.0,0.3544928396527419,0.015359501372708861
0.005606465336004562,0.018712126833370448,0.006888278795973373,0.009947812322227979,0.17864880908214006,0.2124625905864311
0.005898320595582573,0.004734609581756576,0.0024071875541045178,7.976552645244661e-05,0.18019156093096883,0.19082449110830801
0.009735104251688118,0.009735104251688054,0.0,0.009735104251688118,0.34475773540105376,0.05429991837946132
0.0,0.0,0.0,0.0,0.3544928396527419,0.015359501372708861
0.0012434765402784779,0.0012434765402785097,0.0012434765402785603,0.0012434765402784776,0.3532493631124634,0.016602977912987555
0.0,0.0,0.0,0.0,0.3544928396527419,0.015359501372708861
0.0011637110138259634,0.0023274220276521262,0.0011637110138259634,0.013598476416611034,0.1985246469293365,0.15772921767950346
0.013228710642823544,0.0011637110138260631,0.0052966782914100115,0.016353787935000377,0.21058964655833387,0.13381316316687694
0.0011637110138259634,0.0023274220276521262,0.0011637110138259634,0.013598476416611034,0.1985246469293365,0.15772921767950346
0.003408894165368202,0.0358029729662883,0.00262113229947325,0.04331082585145063,0.2687838539734364,0.18621231233459476
0.05814288540971041,0.01114244020677202,0.004132967277584038,0.0024418144493087435,0.09837191758798941,0.23105475996141578
0.02206908065593233,0.009976874180702857,0.0013776557591946847,0.022069080655932338,0.27968637926343654,0.03742858202864141
0.0037304296208354928,0.0024869530805570195,0.0,0.009947812322228028,0.1948739828349534,0.1637870693279909
0.0035708985679304985,0.02469021295540557,0.0012434765402786763,0.020560955702307603,0.12196705498256291,0.29080903267294916
